year_month,target_food_price_inflation,target_food_price_inflation_lag1,target_food_price_inflation_lag2,target_food_price_inflation_lag12,hcp_zaf_fao_cp_23014,hcp_zaf_fao_cp_23014_lag1,hcp_zaf_fao_cp_23014_lag6,bdi_close_mean_roll12_mean,bdi_close_mean_lag3,policy_rate,policy_rate_lag2,policy_rate_change_12m_lag2,brent_usd_per_barrel_lag6,brent_yoy_pct_lag12,month_sin,month_cos
2002-01-01,5.239702,4.608727,3.592213,3.602384,12.303151,11.420016,3.666981,1162.3205173064996,898.0434782608696,12.5,13.5,-0.5,24.61,0.4312034496275929,0.4999999999999999,0.8660254037844387
2002-02-01,5.618992,5.239702,4.608727,3.359312,12.113274,12.303151,3.956479,1119.0205173064996,855.2272727272727,12.5,13.5,-0.5,25.68,-1.0079193664506825,0.8660254037844386,0.5000000000000001
2002-03-01,6.406912,5.618992,5.239702,2.72,13.786453,12.113274,4.635092,1082.6171082155904,870.1764705882352,12.5,12.5,-1.5,25.62,-10.876682429974526,1.0,6.123233995736766e-17
2002-04-01,7.2758,6.406912,5.618992,2.173337,15.482588,13.786453,6.32412,1052.3980188254484,931.318181818182,12.5,12.5,-1.5,20.54,12.741652021089632,0.8660254037844387,-0.4999999999999998
2002-05-01,7.724501,7.2758,6.406912,2.028451,15.562524,15.482588,8.523282,1017.78330021073,959.55,12.5,12.5,-1.5,18.8,2.0547945205479534,0.4999999999999999,-0.8660254037844387
2002-06-01,8.50368,7.724501,7.2758,1.571092,17.779318,15.562524,11.420016,985.9149139673436,1064.75,12.5,12.5,-1.5,18.71,-6.543624161073824,1.2246467991473532e-16,-1.0
2002-07-01,9.027878,8.50368,7.724501,1.963865,18.814753,17.779318,12.303151,966.5150457196492,1077.4761904761904,12.5,12.5,-1.5,19.42,-14.191073919107389,-0.4999999999999998,-0.8660254037844388
2002-08-01,9.716459,9.027878,8.50368,2.199529,20.299835,18.814753,12.113274,968.3361135407172,1032.909090909091,12.5,12.5,-1.5,20.28,-14.966887417218544,-0.8660254037844384,-0.5000000000000004
2002-09-01,10.486601,9.716459,9.027878,2.356638,21.477201,20.299835,13.786453,988.1011929057964,995.0555555555557,12.5,12.5,-1.0,23.7,-22.691611345805672,-1.0,-1.8369701987210294e-16
2002-10-01,11.244292,10.486601,9.716459,2.576765,21.820997,21.477201,15.482588,1027.0468450797096,988.5652173913044,12.5,12.5,-1.0,25.73,-33.65633074935401,-0.8660254037844386,0.5000000000000001
2002-11-01,11.139908,11.244292,10.486601,3.592213,20.538497,21.820997,15.562524,1077.480286638151,1001.7619047619048,12.5,12.5,-1.0,25.35,-42.2427035330261,-0.5000000000000004,0.8660254037844384
2002-12-01,11.037445,11.139908,11.244292,4.608727,18.035244,20.538497,17.779318,1143.794012128347,1182.3809523809523,12.5,12.5,-1.0,24.08,-27.08495713172252,-2.4492935982947064e-16,1.0
2003-01-01,10.723638,11.037445,11.139908,5.239702,17.388483,18.035244,18.814753,1207.3394666738018,1365.391304347826,12.5,12.5,-1.0,25.74,-24.199843871975013,0.4999999999999999,0.8660254037844387
2003-02-01,10.900273,10.723638,11.037445,5.618992,15.279111,17.388483,20.299835,1266.8519666738016,1460.428571428571,12.5,12.5,-1.0,26.65,-26.25454545454545,0.8660254037844386,0.5000000000000001
2003-03-01,10.782214,10.900273,10.723638,6.406912,13.586692,15.279111,21.477201,1332.2696254039604,1665.9411764705883,12.5,12.5,0.0,28.4,-3.265306122448985,1.0,6.123233995736766e-17
2003-04-01,11.533088,10.782214,10.900273,7.2758,11.47032,13.586692,21.820997,1414.4424428642778,1693.8636363636365,12.5,12.5,0.0,27.54,0.2727981293842552,0.8660254037844387,-0.4999999999999998
2003-05-01,11.41154,11.533088,10.782214,7.724501,11.27738,11.47032,20.538497,1514.3000186218535,1673.7,12.5,12.5,0.0,24.34,-10.45566937477922,0.4999999999999999,-0.8660254037844387
2003-06-01,11.292112,11.41154,11.533088,8.50368,8.999999,11.27738,18.035244,1609.3707858176208,1849.7619047619048,13.0,12.5,0.0,28.33,-13.536804308797134,1.2246467991473532e-16,-1.0
2003-07-01,10.330383,11.292112,11.41154,9.027878,7.503716,8.999999,17.388483,1709.6497713248673,2063.55,13.0,12.5,0.0,31.18,4.591629418935384,-0.4999999999999998,-0.8660254037844388
2003-08-01,9.664176,10.330383,11.292112,9.716459,5.730268,7.503716,15.279111,1816.665445928042,2231.2,13.0,13.0,0.5,32.77,3.777258566978192,-0.8660254037844384,-0.5000000000000004
2003-09-01,8.732615,9.664176,10.330383,10.486601,3.574533,5.730268,13.586692,1923.372336259932,2135.904761904762,13.0,13.0,0.5,30.61,10.850897736143628,-1.0,-1.8369701987210294e-16
2003-10-01,7.542404,8.732615,9.664176,11.244292,2.338437,3.574533,11.47032,2156.4701623468886,2191.913043478261,13.0,13.0,0.5,25.0,34.07984420642649,-0.8660254037844386,0.5000000000000001
2003-11-01,6.644127,7.542404,8.732615,11.139908,2.350453,2.338437,11.27738,2388.967781394508,2285.95,13.0,13.0,0.5,25.86,29.46808510638297,-0.5000000000000004,0.8660254037844384
2003-12-01,6.03053,6.644127,7.542404,11.037445,1.613104,2.350453,8.999999,2634.222683355292,2462.8636363636365,13.0,13.0,0.5,27.65,51.4163548904329,-2.4492935982947064e-16,1.0
2004-01-01,5.630027,6.03053,6.644127,10.723638,1.317622,1.613104,7.503716,2928.857062864672,4162.565217391304,12.0,13.0,0.5,28.35,60.55612770339853,0.4999999999999999,0.8660254037844387
2004-02-01,5.039788,5.630027,6.03053,10.900273,2.421281,1.317622,5.730268,3243.552896198005,4250.4,12.0,13.0,0.5,29.89,61.58777120315582,0.8660254037844386,0.5000000000000001
2004-03-01,5.263158,5.039788,5.630027,10.782214,2.133007,2.421281,3.574533,3517.003896888136,4609.0,12.0,12.0,-0.5,27.11,29.156118143459903,1.0,6.123233995736766e-17
2004-04-01,5.181347,5.263158,5.039788,11.533088,2.147245,2.133007,2.338437,3719.2080635548023,5229.476190476191,12.0,12.0,-0.5,29.61,-2.83715507190051,0.8660254037844387,-0.4999999999999998
2004-05-01,4.627249,5.181347,5.263158,11.41154,1.719126,2.147245,2.350453,3832.915081098662,5450.05,12.0,12.0,-0.5,28.75,2.0118343195266286,0.4999999999999999,-0.8660254037844387
2004-06-01,4.591837,4.627249,5.181347,11.292112,1.445659,1.719126,1.613104,3896.722260030841,5131.173913043478,12.0,12.0,-0.5,29.81,14.82558139534884,1.2246467991473532e-16,-1.0
2004-07-01,3.826531,4.591837,4.627249,10.330383,0.889891,1.445659,1.317622,4028.9302639834095,4490.0,12.0,12.0,-0.5,31.28,10.139860139860147,-0.4999999999999998,-0.8660254037844388
2004-08-01,3.816794,3.826531,4.591837,9.664176,0.639222,0.889891,2.421281,4185.851097316744,3595.684210526316,12.0,12.0,-1.0,30.86,12.157598499061928,-0.8660254037844384,-0.5000000000000004
2004-09-01,4.071247,3.816794,3.826531,8.732615,0.848864,0.639222,2.133007,4325.676854892501,2901.590909090909,12.0,12.0,-1.0,33.63,-4.54225352112676,-1.0,-1.8369701987210294e-16
2004-10-01,4.591837,4.071247,3.816794,7.542404,1.038646,0.848864,2.147245,4357.082134395607,3778.409090909091,12.0,12.0,-1.0,33.59,7.516339869281041,-0.8660254037844386,0.5000000000000001
2004-11-01,4.846939,4.591837,4.071247,6.644127,1.21012,1.038646,1.719126,4445.291225304698,4169.0,12.0,12.0,-1.0,37.57,18.118323746918666,-0.5000000000000004,0.8660254037844384
2004-12-01,4.834606,4.846939,4.591837,6.03053,1.297636,1.21012,1.445659,4521.110669749142,4140.772727272727,12.0,12.0,-1.0,35.18,5.224144016943177,-2.4492935982947064e-16,1.0
2005-01-01,4.822335,4.834606,4.846939,5.630027,1.245711,1.297636,0.889891,4460.479320542793,4539.428571428572,12.0,12.0,-1.0,38.22,0.3207184092366866,0.4999999999999999,0.8660254037844387
2005-02-01,4.040404,4.822335,4.834606,5.039788,1.10685,1.245711,0.639222,4383.99598720946,5308.909090909091,12.0,12.0,-1.0,42.74,-5.828501678364373,0.8660254037844386,0.5000000000000001
2005-03-01,3.0,4.040404,4.822335,5.263158,0.859967,1.10685,0.848864,4346.2235579479,5518.833333333333,12.0,12.0,0.0,43.2,9.866056844168591,1.0,6.123233995736766e-17
2005-04-01,2.463054,3.0,4.040404,5.181347,0.914554,0.859967,1.038646,4349.763240487582,4501.9,12.0,12.0,0.0,49.78,34.360000000000014,0.8660254037844387,-0.4999999999999998
2005-05-01,1.965602,2.463054,3.0,4.627249,0.681473,0.914554,1.21012,4355.739556277056,4532.25,12.0,12.0,0.0,43.11,45.28228924980666,0.4999999999999999,-0.8660254037844387
2005-06-01,3.170732,1.965602,2.463054,4.591837,0.726213,0.681473,1.297636,4342.781222943723,4677.9047619047615,12.0,12.0,0.0,39.6,27.23327305605787,1.2246467991473532e-16,-1.0
2005-07-01,5.651106,3.170732,1.965602,3.826531,2.081051,0.726213,1.245711,4212.921735209236,4532.476190476191,12.0,12.0,0.0,44.51,34.81481481481481,-0.4999999999999998,-0.8660254037844388
2005-08-01,6.372549,5.651106,3.170732,3.816794,2.402655,2.081051,1.10685,4049.387644300144,3667.4,12.0,12.0,0.0,45.48,42.9909668785547,-0.8660254037844384,-0.5000000000000004
2005-09-01,7.334963,6.372549,5.651106,4.071247,2.690767,2.402655,0.859967,3937.952038239538,2746.090909090909,12.0,12.0,0.0,53.1,59.350793065289565,-1.0,-1.8369701987210294e-16
2005-10-01,8.04878,7.334963,6.372549,4.591837,2.179266,2.690767,0.914554,3823.1187049062046,2220.095238095238,12.0,12.0,0.0,51.88,68.11887875717663,-0.8660254037844386,0.5000000000000001
2005-11-01,8.759124,8.04878,7.334963,4.846939,1.942944,2.179266,0.681473,3623.667947330447,2206.590909090909,12.0,12.0,0.0,48.65,49.94782608695652,-0.5000000000000004,0.8660254037844384
2005-12-01,8.737864,8.759124,8.04878,4.834606,3.447806,1.942944,0.726213,3380.431836219336,2803.5454545454545,12.0,12.0,0.0,54.35,32.84132841328415,-2.4492935982947064e-16,1.0
2006-01-01,10.653753,8.737864,8.759124,4.822335,3.569493,3.447806,2.081051,3193.753661616161,3161.428571428572,12.0,12.0,0.0,57.52,42.29539641943734,0.4999999999999999,0.8660254037844387
2006-02-01,12.135922,10.653753,8.737864,4.040404,3.797815,3.569493,2.402655,3019.7078282828284,2915.5,12.0,12.0,0.0,63.98,47.37524303305249,0.8660254037844386,0.5000000000000001
2006-03-01,13.834951,12.135922,10.653753,3.0,4.384887,3.797815,2.690767,2846.4512720371417,2600.0,12.0,12.0,0.0,62.91,57.89473684210527,1.0,6.123233995736766e-17
2006-04-01,14.423077,13.834951,12.135922,2.463054,4.734209,4.384887,2.179266,2674.198626534496,2261.7619047619046,12.0,12.0,0.0,58.54,54.45072938374516,0.8660254037844387,-0.4999999999999998
2006-05-01,16.144578,14.423077,13.834951,1.965602,5.320175,4.734209,1.942944,2572.0700551059244,2443.7,12.0,12.0,0.0,55.24,29.4916156507852,0.4999999999999999,-0.8660254037844387
2006-06-01,14.184397,16.144578,14.423077,3.170732,6.39371,5.320175,3.447806,2569.7670248028944,2598.826086956521,12.0,12.0,0.0,56.86,54.4911881750995,1.2246467991473532e-16,-1.0
2006-07-01,12.790698,14.184397,16.144578,5.651106,6.115819,6.39371,3.569493,2638.9098819457517,2465.4444444444443,12.0,12.0,0.0,62.99,50.49712192569338,-0.4999999999999998,-0.8660254037844388
2006-08-01,12.903226,12.790698,14.184397,6.372549,6.526437,6.115819,3.797815,2762.2545789154483,2441.8571428571427,12.0,12.0,0.0,60.21,49.69583528310715,-0.8660254037844384,-0.5000000000000004
2006-09-01,11.845103,12.903226,12.790698,7.334963,7.242665,6.526437,4.384887,2865.221029131899,2718.454545454545,12.0,12.0,0.0,62.06,45.62499999999999,-1.0,-1.8369701987210294e-16
2006-10-01,11.512415,11.845103,12.903226,8.04878,8.343396,7.242665,4.734209,2937.405011815881,3049.809523809524,12.0,12.0,0.0,70.26,17.597428686219363,-0.8660254037844386,0.5000000000000001
2006-11-01,10.067114,11.512415,11.845103,8.759124,8.023461,8.343396,5.320175,3043.62092090679,3686.727272727273,12.0,12.0,0.0,69.78,28.137323126884727,-0.5000000000000004,0.8660254037844384
2006-12-01,9.598214,10.067114,11.512415,8.737864,6.942427,8.023461,6.39371,3188.271962573457,4039.142857142857,12.0,12.0,0.0,68.56,43.585858585858574,-2.4492935982947064e-16,1.0
2007-01-01,8.533917,9.598214,10.067114,10.653753,7.715413,6.942427,6.115819,3371.5986220251166,4027.636363636364,12.0,12.0,0.0,73.67,41.51875982925186,0.4999999999999999,0.8660254037844387
2007-02-01,8.441558,8.533917,9.598214,12.135922,7.343752,7.715413,6.526437,3534.4361220251167,4190.090909090909,12.0,12.0,0.0,73.23,32.38786279683379,0.8660254037844386,0.5000000000000001
2007-03-01,8.315565,8.441558,8.533917,13.834951,7.519754,7.343752,7.242665,3744.7953117484367,4335.8125,12.0,12.0,0.0,61.96,16.873822975517893,1.0,6.123233995736766e-17
2007-04-01,7.983193,8.315565,8.441558,14.423077,8.420508,7.519754,8.343396,4018.81529225526,4461.681818181818,12.0,12.0,0.0,57.81,35.42791056283732,0.8660254037844387,-0.4999999999999998
2007-05-01,8.713693,7.983193,8.315565,16.144578,9.035982,8.420508,8.023461,4348.8470382870055,4397.75,12.0,12.0,0.0,58.76,43.43268242548819,0.4999999999999999,-0.8660254037844387
2007-06-01,11.594203,8.713693,7.983193,14.184397,9.142039,9.035982,6.942427,4603.321064261031,5123.136363636364,12.0,12.0,0.0,62.47,26.14535418583257,1.2246467991473532e-16,-1.0
2007-07-01,12.989691,11.594203,8.713693,12.790698,9.783714,9.142039,7.715413,4896.848300913268,5753.684210526316,12.0,12.0,0.0,53.68,28.077190542420016,-0.4999999999999998,-0.8660254037844388
2007-08-01,12.653061,12.989691,11.594203,12.903226,10.772167,9.783714,7.343752,5189.211937276905,6402.238095238095,12.0,12.0,0.0,57.56,14.457643013441723,-0.8660254037844384,-0.5000000000000004
2007-09-01,12.627291,12.653061,12.989691,11.845103,11.652687,10.772167,7.519754,5567.120865848333,5772.142857142857,12.0,12.0,0.0,62.05,-1.5100937847718932,-1.0,-1.8369701987210294e-16
2007-10-01,12.955466,12.627291,12.653061,11.512415,12.133226,11.652687,8.420508,6100.310589168491,6572.136363636364,12.0,12.0,0.0,67.49,-1.2470105910488472,-0.8660254037844386,0.5000000000000001
2007-11-01,15.04065,12.955466,12.627291,10.067114,12.831588,12.133226,9.035982,6629.693164926067,7195.090909090909,12.0,12.0,0.0,67.21,6.372194062273717,-0.5000000000000004,0.8660254037844384
2007-12-01,15.478615,15.04065,12.955466,9.598214,13.119011,12.831588,9.142039,7089.552539926067,8574.05,12.0,12.0,0.0,71.05,9.86633837495603,-2.4492935982947064e-16,1.0
2008-01-01,18.145161,15.478615,15.04065,8.533917,13.198402,13.119011,9.783714,7315.230570229097,10425.91304347826,12.0,12.0,0.0,76.93,-14.780123829179235,0.4999999999999999,0.8660254037844387
2008-02-01,18.363273,18.145161,15.478615,8.441558,13.560477,13.198402,10.772167,7521.604578165605,10542.681818181818,12.0,12.0,0.0,70.76,-4.401262248795879,0.8660254037844386,0.5000000000000001
2008-03-01,17.913386,18.363273,18.145161,8.315565,14.740143,13.560477,11.652687,7766.558126809943,9854.125,12.0,12.0,0.0,77.17,-0.0161134386078121,1.0,6.123233995736766e-17
2008-04-01,18.48249,17.913386,18.363273,7.983193,14.651854,14.740143,12.133226,7977.656412296386,7169.818181818182,12.0,12.0,0.0,82.34,-3.942499288357548,0.8660254037844387,-0.4999999999999998
2008-05-01,18.51145,18.48249,17.913386,8.713693,15.530146,14.651854,12.831588,8347.774071026544,6874.238095238095,12.0,12.0,0.0,92.41,-3.683003725995993,0.4999999999999999,-0.8660254037844387
2008-06-01,18.181818,18.51145,18.48249,11.594203,16.867649,15.530146,13.119011,8720.520102772576,8062.578947368421,12.0,12.0,0.0,90.93,3.6318553092181904,1.2246467991473532e-16,-1.0
2008-07-01,18.430657,18.181818,18.51145,12.989691,17.640752,16.867649,13.198402,8917.487000005778,8286.863636363636,12.0,12.0,0.0,92.18,4.425139133975842,-0.4999999999999998,-0.8660254037844388
2008-08-01,18.84058,18.430657,18.181818,12.653061,17.253385,17.640752,13.560477,8934.77109091487,10843.65,12.0,12.0,0.0,94.99,-3.372934589649046,-0.8660254037844384,-0.5000000000000004
2008-09-01,20.433996,18.84058,18.430657,12.627291,16.870374,17.253385,14.740143,8634.857833339112,10245.09523809524,12.0,12.0,0.0,103.64,24.548095545513227,-1.0,-1.8369701987210294e-16
2008-10-01,25.089606,20.433996,18.84058,12.955466,15.954715,16.870374,14.651854,7916.658557976792,8935.739130434782,12.0,12.0,0.0,109.07,42.43210517211556,-0.8660254037844386,0.5000000000000001
2008-11-01,24.204947,25.089606,20.433996,15.04065,15.558155,15.954715,15.530146,7106.347573128308,7402.5,12.0,12.0,0.0,122.8,57.26684819605175,-0.5000000000000004,0.8660254037844384
2008-12-01,25.044092,24.204947,25.089606,15.478615,15.557474,15.558155,16.867649,6347.087156461642,4975.090909090909,12.0,12.0,0.0,132.32,45.557867776532746,-2.4492935982947064e-16,1.0
2009-01-01,22.354949,25.044092,24.204947,18.145161,15.962441,15.557474,17.640752,5824.979292103777,1807.5217391304343,12.0,12.0,0.0,132.72,71.72131147540985,0.4999999999999999,0.8660254037844387
2009-02-01,21.247892,22.354949,25.044092,18.363273,15.925059,15.962441,17.253385,5403.446950833936,818.95,12.0,12.0,0.0,113.24,65.02779708130643,0.8660254037844386,0.5000000000000001
2009-03-01,21.535893,21.247892,22.354949,17.913386,14.746544,15.925059,16.870374,4894.716887038082,743.0,12.0,12.0,0.0,97.23,67.02659145850123,1.0,6.123233995736766e-17
2009-04-01,20.032841,21.535893,21.247892,18.48249,13.895216,14.746544,15.954715,4342.407417341113,904.5238095238096,12.0,12.0,0.0,71.58,61.60912727811528,0.8660254037844387,-0.4999999999999998
2009-05-01,18.035427,20.032841,21.535893,18.51145,12.304251,13.895216,15.558155,3650.239215586727,1815.85,12.0,12.0,0.0,52.45,82.71090611516145,0.4999999999999999,-0.8660254037844387
2009-06-01,15.22763,18.035427,20.032841,18.181818,10.10989,12.304251,15.557474,3115.026733624245,1957.8181818181815,12.0,12.0,0.0,39.95,86.2350457424349,1.2246467991473532e-16,-1.0
2009-07-01,14.791988,15.22763,18.035427,18.430657,7.559395,10.10989,15.962441,2650.5376031894625,1659.15,12.0,12.0,0.0,43.44,72.52047315741581,-0.4999999999999998,-0.8660254037844388
2009-08-01,13.719512,14.791988,15.22763,18.84058,6.623932,7.559395,15.925059,2257.383436522796,2537.6315789473683,12.0,12.0,0.0,43.32,60.03391746749573,-0.8660254037844384,-0.5000000000000004
2009-09-01,11.861862,13.719512,14.791988,20.433996,5.052632,6.623932,14.746544,2038.7432850076443,3822.5454545454554,12.0,12.0,0.0,46.54,25.99455747051964,-1.0,-1.8369701987210294e-16
2009-10-01,6.733524,11.861862,13.719512,25.089606,5.010438,5.052632,13.895216,2116.92329159526,3361.8695652173915,12.0,12.0,0.0,50.18,-13.06776779208162,-0.8660254037844386,0.5000000000000001
2009-11-01,6.116643,6.733524,11.861862,24.204947,4.149378,5.010438,12.304251,2377.0584106428787,2684.65,12.0,12.0,0.0,57.3,-43.242073368683045,-0.5000000000000004,0.8660254037844384
2009-12-01,4.654443,6.116643,6.733524,25.044092,3.512397,4.149378,10.10989,2612.840818050286,2351.409090909091,12.0,12.0,0.0,68.61,-56.065105025844055,-2.4492935982947064e-16,1.0
2010-01-01,3.556485,4.654443,6.116643,22.354949,2.024291,3.512397,7.559395,2801.4930005899687,2745.681818181818,12.0,12.0,0.0,64.44,-52.87481015404644,0.4999999999999999,0.8660254037844387
2010-02-01,3.268428,3.556485,4.654443,21.247892,1.616162,2.024291,6.623932,2873.3263339233017,3940.571428571429,12.0,12.0,0.0,72.51,-54.39519949468365,0.8660254037844386,0.5000000000000001
2010-03-01,2.870879,3.268428,3.556485,21.535893,1.004016,1.616162,5.052632,2977.410326018164,3572.3888888888887,12.0,12.0,0.0,67.65,-55.0945580856812,1.0,6.123233995736766e-17
2010-04-01,3.78933,2.870879,3.268428,20.032841,0.8,1.004016,5.010438,3092.5327466530844,3168.35,12.0,12.0,0.0,72.77,-53.99284862932061,0.8660254037844387,-0.4999999999999998
2010-05-01,4.583902,3.78933,2.870879,18.035427,0.59761,0.8,4.149378,3200.901167705716,2677.85,12.0,12.0,0.0,76.66,-53.33876221498372,0.4999999999999999,-0.8660254037844387
2010-06-01,4.509537,4.583902,3.78933,15.22763,0.399202,0.59761,3.512397,3139.6890464935946,3206.826086956521,12.0,12.0,0.0,74.46,-48.14842805320435,1.2246467991473532e-16,-1.0
2010-07-01,3.167785,4.509537,4.583902,14.791988,1.204819,0.399202,2.024291,3018.677188786085,3040.619047619048,12.0,12.0,0.0,76.17,-51.44665461121157,-0.4999999999999998,-0.8660254037844388
2010-08-01,3.284182,3.167785,4.509537,13.719512,1.603206,1.204819,1.616162,2997.650799897196,3838.052631578948,12.0,12.0,0.0,73.75,-35.967855881314016,-0.8660254037844384,-0.5000000000000004
2010-09-01,3.355705,3.284182,3.167785,11.861862,1.402806,1.603206,1.004016,3028.32125444265,3088.0,12.0,12.0,0.0,78.83,-30.422709040419612,-1.0,-1.8369701987210294e-16
2010-10-01,3.355705,3.355705,3.284182,6.733524,0.994036,1.402806,0.8,3023.9588807052764,1909.7272727272727,12.0,12.0,0.0,84.82,1.6624755518301226,-0.8660254037844386,0.5000000000000001
2010-11-01,3.552279,3.355705,3.355705,6.116643,1.195219,0.994036,0.59761,2889.021110142506,2432.333333333333,12.0,12.0,0.0,75.95,46.15824594852238,-0.5000000000000004,0.8660254037844384
2010-12-01,4.366577,3.552279,3.355705,4.654443,1.596806,1.195219,0.399202,2760.567406438802,2719.454545454545,12.0,12.0,0.0,74.76,86.38297872340424,-2.4492935982947064e-16,1.0
2011-01-01,4.700337,4.366577,3.552279,3.556485,3.373016,1.596806,1.204819,2613.3549064388026,2693.333333333333,12.0,12.0,0.0,75.58,75.34530386740332,0.4999999999999999,0.8660254037844387
2011-02-01,5.292929,4.700337,4.366577,3.268428,3.578529,3.373016,1.603206,2488.625739772136,2321.318181818182,12.0,12.0,0.0,77.04,70.24469067405354,0.8660254037844386,0.5000000000000001
2011-03-01,5.314461,5.292929,4.700337,2.870879,4.771372,3.578529,1.402806,2345.781536873585,2030.9444444444443,12.0,12.0,0.0,77.84,69.38117748173613,1.0,6.123233995736766e-17
2011-04-01,6.484777,5.314461,5.292929,3.78933,4.761905,4.771372,0.994036,2204.2762458682937,1401.8,12.0,12.0,0.0,82.67,69.03148664806696,0.8660254037844387,-0.4999999999999998
2011-05-01,6.274459,6.484777,5.314461,4.583902,6.138614,4.761905,1.195219,1997.1385265700485,1181.1,12.0,12.0,0.0,85.28,32.54799301919722,0.4999999999999999,-0.8660254037844387
2011-06-01,6.726633,6.274459,6.484777,4.509537,6.95825,6.138614,1.596806,1859.240799297321,1492.695652173913,12.0,12.0,0.0,91.45,8.963707914298213,1.2246467991473532e-16,-1.0
2011-07-01,6.765548,6.726633,6.274459,3.167785,7.539683,6.95825,3.373016,1813.8905106970324,1342.5555555555557,12.0,12.0,0.0,96.52,17.287399130974546,-0.4999999999999998,-0.8660254037844388
2011-08-01,7.086308,6.765548,6.726633,3.284182,7.100592,7.539683,3.578529,1726.7756117071335,1352.4,12.0,12.0,0.0,103.72,6.247414149772457,-0.8660254037844384,-0.5000000000000004
2011-09-01,7.727273,7.086308,6.765548,3.355705,8.498024,7.100592,4.771372,1653.5218238283455,1433.2272727272727,12.0,12.0,0.0,114.64,15.062823355506282,-1.0,-1.8369701987210294e-16
2011-10-01,8.363636,7.727273,7.086308,3.355705,10.23622,8.498024,4.761905,1601.7837285902503,1365.5238095238096,12.0,12.0,0.0,123.26,13.60450735193075,-0.8660254037844386,0.5000000000000001
2011-11-01,8.582524,8.363636,7.727273,3.552279,10.826772,10.23622,6.138614,1561.2837285902503,1386.9545454545455,12.0,12.0,0.0,114.99,11.244456039655626,-0.5000000000000004,0.8660254037844384
2011-12-01,9.01343,8.582524,8.363636,4.366577,11.198428,10.826772,6.95825,1547.773652337527,1840.409090909091,12.0,12.0,0.0,113.83,22.817620198764452,-2.4492935982947064e-16,1.0
2012-01-01,8.91433,9.01343,8.582524,4.700337,10.172745,11.198428,7.539683,1517.5720650359397,2072.4761904761904,12.0,12.0,0.0,116.97,26.716555074176185,0.4999999999999999,0.8660254037844387
2012-02-01,8.928115,8.91433,9.01343,5.292929,9.788868,10.172745,7.100592,1477.698652337527,1835.3181818181815,12.0,12.0,0.0,110.22,40.63728813559322,0.8660254037844386,0.5000000000000001
2012-03-01,8.786611,8.928115,8.91433,5.314461,8.728653,9.788868,8.498024,1424.8868934442464,1868.8235294117649,12.0,12.0,0.0,112.83,45.42686794367627,1.0,6.123233995736766e-17
2012-04-01,7.661839,8.786611,8.928115,6.484777,8.522727,8.728653,10.23622,1398.0511234637395,1039.3809523809523,12.0,12.0,0.0,109.55,45.31950011789674,0.8660254037844387,-0.4999999999999998
2012-05-01,7.610163,7.661839,8.786611,6.274459,6.902985,8.522727,10.826772,1377.325761144899,702.6190476190476,12.0,12.0,0.0,110.77,51.40223831468069,0.4999999999999999,-0.8660254037844387
2012-06-01,7.805057,7.610163,7.661839,6.726633,6.133829,6.902985,11.198428,1336.0085761369246,858.9545454545455,12.0,12.0,0.0,107.87,52.26056714820759,1.2246467991473532e-16,-1.0
2012-07-01,8.030709,7.805057,7.610163,6.765548,5.350554,6.133829,10.172745,1310.2528041311523,1020.5263157894736,12.0,12.0,0.0,110.69,54.76316485842816,-0.4999999999999998,-0.8660254037844388
2012-08-01,7.792995,8.030709,7.805057,7.086308,4.972376,5.350554,9.788868,1257.9160122997955,1103.695652173913,12.0,12.0,0.0,119.33,43.06853582554516,-0.8660254037844384,-0.5000000000000004
2012-09-01,7.643159,7.792995,8.030709,7.727273,5.82878,4.972376,8.728653,1163.4694213907046,937.421052631579,12.0,12.0,0.0,125.45,44.95118191161356,-1.0,-1.8369701987210294e-16
2012-10-01,7.658198,7.643159,7.792995,8.363636,6.25,5.82878,8.522727,1070.1326374017467,1056.4545454545455,12.0,12.0,0.0,119.75,32.51481795088906,-0.8660254037844386,0.5000000000000001
2012-11-01,7.439199,7.658198,7.643159,8.582524,7.104796,6.25,6.902985,1002.5758192199283,758.9130434782609,12.0,12.0,0.0,110.34,29.88977485928705,-0.5000000000000004,0.8660254037844384
2012-12-01,7.225776,7.439199,7.658198,9.01343,6.537102,7.104796,6.133829,918.147816768948,707.05,12.0,12.0,0.0,95.16,17.95516675779114,-2.4492935982947064e-16,1.0
2013-01-01,7.487894,7.225776,7.439199,8.91433,5.923345,6.537102,5.350554,895.7486464947777,952.4347826086956,12.0,12.0,0.0,102.62,14.680895151263984,0.4999999999999999,0.8660254037844387
2013-02-01,7.327384,7.487894,7.225776,8.928115,5.769231,5.923345,4.972376,899.2762258598572,1024.6363636363635,12.0,12.0,0.0,113.36,15.050134978789044,0.8660254037844386,0.5000000000000001
2013-03-01,7.156177,7.327384,7.487894,8.786611,5.410122,5.769231,5.82878,900.705013738645,855.6875,12.0,12.0,0.0,112.86,9.429518492672706,1.0,6.123233995736766e-17
2013-04-01,6.047367,7.156177,7.327384,7.661839,5.933682,5.410122,6.25,888.4944874228556,770.5909090909091,12.0,12.0,0.0,111.71,-2.847639136784041,0.8660254037844387,-0.4999999999999998
2013-05-01,5.543515,6.047367,7.156177,7.610163,5.933682,5.933682,7.104796,867.4682624401089,744.95,12.0,12.0,0.0,109.06,-4.043829898252016,0.4999999999999999,-0.8660254037844387
2013-06-01,5.007931,5.543515,6.047367,7.805057,6.304729,5.933682,6.537102,867.7248413874772,876.1,12.0,12.0,0.0,109.49,-16.401651585697973,1.2246467991473532e-16,-1.0
2013-07-01,4.65877,5.007931,5.543515,8.030709,6.654991,6.304729,5.923345,873.2811654981492,874.0,12.0,12.0,0.0,112.96,-12.268102932375813,-0.4999999999999998,-0.8660254037844388
2013-08-01,4.699798,4.65877,5.007931,7.792995,7.368421,6.654991,5.769231,900.713015049564,851.3809523809524,12.0,12.0,0.0,116.05,2.8488477590274064,-0.8660254037844384,-0.5000000000000004
2013-09-01,4.670176,4.699798,4.65877,7.643159,6.196213,7.368421,5.410122,981.8358325098816,940.5,12.0,12.0,0.0,108.47,0.0265886732252029,-1.0,-1.8369701987210294e-16
2013-10-01,4.31927,4.670176,4.699798,7.658198,4.537815,6.196213,5.933682,1059.39742671278,1123.1304347826087,12.0,12.0,0.0,102.25,1.971702418986765,-0.8660254037844386,0.5000000000000001
2013-11-01,4.260985,4.31927,4.670176,7.439199,3.9801,4.537815,5.933682,1103.9158249811785,1088.095238095238,12.0,12.0,0.0,102.56,-1.5437392795883298,-0.5000000000000004,0.8660254037844384
2013-12-01,3.899691,4.260985,4.31927,7.225776,3.9801,3.9801,6.304729,1214.113435275296,1680.5238095238096,12.0,12.0,0.0,102.92,1.5018077315286815,-2.4492935982947064e-16,1.0
2014-01-01,3.614987,3.899691,4.260985,7.487894,4.934211,3.9801,6.654991,1272.5982837601443,1883.1739130434785,12.0,12.0,0.0,107.93,2.050772427500225,0.4999999999999999,0.8660254037844387
2014-02-01,3.544858,3.614987,3.899691,7.327384,5.950413,4.934211,7.368421,1305.5066170934776,1558.857142857143,12.0,12.0,0.0,111.28,-2.748680130729908,0.8660254037844386,0.5000000000000001
2014-03-01,3.208614,3.544858,3.614987,7.156177,7.781457,5.950413,6.196213,1356.1768551887158,2178.058823529412,12.0,12.0,0.0,111.6,-13.535273017138303,1.0,6.123233995736766e-17
2014-04-01,3.241544,3.208614,3.544858,6.047367,8.731466,7.781457,4.537815,1370.4560218553825,1472.409090909091,12.0,12.0,0.0,109.08,-14.613778705636747,0.8660254037844387,-0.4999999999999998
2014-05-01,3.188155,3.241544,3.208614,5.543515,9.555189,8.731466,3.9801,1382.229831379192,1139.85,12.0,12.0,0.0,107.79,-7.050933478339683,0.4999999999999999,-0.8660254037844387
2014-06-01,3.182995,3.188155,3.241544,5.007931,9.719934,9.555189,3.9801,1379.8191170934776,1484.142857142857,12.0,12.0,0.0,110.76,8.154686843211433,1.2246467991473532e-16,-1.0
2014-07-01,3.222677,3.182995,3.188155,4.65877,9.195402,9.719934,4.934211,1352.5220156442024,1045.35,12.0,12.0,0.0,108.12,5.174429935685043,-0.4999999999999998,-0.8660254037844388
2014-08-01,2.899485,3.222677,3.182995,4.699798,9.477124,9.195402,5.950413,1339.9390791362655,992.6666666666666,12.0,12.0,0.0,108.9,-1.834862385321101,-0.8660254037844384,-0.5000000000000004
2014-09-01,2.685641,2.899485,3.222677,4.670176,8.589951,9.477124,7.781457,1293.456034403221,911.5714285714286,12.0,12.0,0.0,107.48,-1.1164274322169154,-1.0,-1.8369701987210294e-16
2014-10-01,2.518408,2.685641,2.899485,4.31927,7.717042,8.589951,8.731466,1228.2712517945254,795.5652173913044,12.0,12.0,0.0,107.76,-2.3543102676573224,-0.8660254037844386,0.5000000000000001
2014-11-01,2.501064,2.518408,2.685641,4.260985,7.336523,7.717042,9.555189,1209.3789898897635,937.1,12.0,12.0,0.0,109.54,-1.1644966073720897,-0.5000000000000004,0.8660254037844384
2014-12-01,2.562467,2.501064,2.518408,3.899691,7.017544,7.336523,9.719934,1103.675013854905,1122.7272727272727,12.0,12.0,0.0,111.8,1.159923280664921,-2.4492935982947064e-16,1.0
2015-01-01,2.290562,2.562467,2.501064,3.614987,6.112853,7.017544,9.195402,1041.4067959616873,1100.9565217391305,12.0,12.0,0.0,106.77,-4.284702549575059,0.4999999999999999,0.8660254037844387
2015-02-01,2.134404,2.290562,2.562467,3.544858,6.084243,6.112853,9.477124,991.6229996653908,1332.15,12.0,12.0,0.0,101.61,-6.16113744075829,0.8660254037844386,0.5000000000000001
2015-03-01,1.865318,2.134404,2.290562,3.208614,5.222734,6.084243,8.589951,915.9406403580316,909.6111111111112,12.0,12.0,0.0,97.09,-0.9126947543099396,1.0,6.123233995736766e-17
2015-04-01,1.501628,1.865318,2.134404,3.241544,4.393939,5.222734,7.717042,878.1073070246983,725.1904761904761,12.0,12.0,0.0,87.43,5.388753056234719,0.8660254037844387,-0.4999999999999998
2015-05-01,1.288228,1.501628,1.865318,3.188155,4.210526,4.393939,7.336523,845.1350848024761,542.4444444444445,12.0,12.0,0.0,79.44,6.805772230889229,0.4999999999999999,-0.8660254037844387
2015-06-01,1.024783,1.288228,1.501628,3.182995,4.054054,4.210526,7.017544,827.4245869669783,575.9545454545455,12.0,12.0,0.0,62.34,8.62806062961523,1.2246467991473532e-16,-1.0
2015-07-01,0.981518,1.024783,1.288228,3.222677,4.210526,4.054054,6.112853,842.4064710249493,591.35,12.0,12.0,0.0,47.76,-1.0747706847030636,-0.4999999999999998,-0.8660254037844388
2015-08-01,1.085368,0.981518,1.024783,2.899485,4.179104,4.210526,6.084243,853.1106376916159,597.0,12.0,12.0,0.0,58.1,-8.689791516894319,-0.8660254037844384,-0.5000000000000004
2015-09-01,1.073252,1.085368,0.981518,2.685641,4.328358,4.179104,5.222734,833.606849812828,699.0454545454545,12.0,12.0,0.0,55.89,-13.001792114695332,-1.0,-1.8369701987210294e-16
2015-10-01,1.176226,1.073252,1.085368,2.518408,5.074627,4.328358,4.393939,807.9438063345672,975.3478260869564,12.0,12.0,0.0,59.52,-19.847818115144843,-0.8660254037844386,0.5000000000000001
2015-11-01,0.872184,1.176226,1.073252,2.501064,5.497771,5.074627,4.210526,745.4511476044084,1065.55,12.0,12.0,0.0,64.08,-26.30114110770944,-0.5000000000000004,0.8660254037844384
2015-12-01,0.715322,0.872184,1.176226,2.562467,6.408346,5.497771,4.054054,712.9141105673714,888.6818181818181,12.0,12.0,0.0,61.48,-43.71614301191767,-2.4492935982947064e-16,1.0
2016-01-01,1.17147,0.715322,0.872184,2.290562,7.237814,6.408346,4.210526,684.6732375514985,793.0,12.0,12.0,0.0,56.56,-55.826859045505,0.4999999999999999,0.8660254037844387
2016-02-01,1.572522,1.17147,0.715322,2.134404,9.411765,7.237814,4.179104,665.0449306731915,582.2380952380952,12.0,12.0,0.0,46.52,-46.648301193755735,0.8660254037844386,0.5000000000000001
2016-03-01,1.882888,1.572522,1.17147,1.865318,10.656934,9.411765,4.328358,648.9931629964238,519.1666666666666,12.0,12.0,0.0,47.62,-47.99962783773726,1.0,6.123233995736766e-17
2016-04-01,2.679495,1.882888,1.572522,1.501628,12.33672,10.656934,5.074627,650.337012202773,386.3,12.0,12.0,0.0,48.43,-44.766146993318486,0.8660254037844387,-0.4999999999999998
2016-05-01,2.719471,2.679495,1.882888,1.288228,11.976912,12.33672,5.497771,652.2453455361064,306.9047619047619,12.0,12.0,0.0,44.27,-41.50082161767392,0.4999999999999999,-0.8660254037844387
2016-06-01,2.54632,2.719471,2.679495,1.024783,11.976912,11.976912,6.408346,644.6468606876216,383.3333333333333,12.0,12.0,0.0,38.01,-45.00894454382826,1.2246467991473532e-16,-1.0
2016-07-01,2.68845,2.54632,2.719471,0.981518,12.554113,11.976912,7.237814,622.3202561327561,607.4761904761905,12.0,12.0,0.0,30.7,-47.026318254191246,-0.4999999999999998,-0.8660254037844388
2016-08-01,2.89077,2.68845,2.54632,1.085368,12.750716,12.554113,9.411765,589.6001803751803,619.9,12.0,12.0,0.0,32.18,-54.21710461568743,-0.8660254037844384,-0.5000000000000004
2016-09-01,3.092784,2.89077,2.68845,1.073252,12.732475,12.750716,10.656934,584.5244227994228,607.8636363636364,12.0,12.0,0.0,38.21,-50.95272427644454,-1.0,-1.8369701987210294e-16
2016-10-01,3.261317,3.092784,2.89077,1.176226,12.784091,12.732475,12.33672,590.8141053391054,707.4285714285714,12.0,12.0,0.0,41.58,-44.60711426283884,-0.8660254037844386,0.5000000000000001
2016-11-01,3.82913,3.261317,3.092784,0.872184,12.394366,12.784091,11.976912,631.6124458874459,672.9090909090909,12.0,12.0,0.0,46.74,-44.27240684793554,-0.5000000000000004,0.8660254037844384
2016-12-01,3.962944,3.82913,3.261317,0.715322,12.745098,12.394366,11.976912,675.8093413122825,827.7727272727273,12.0,12.0,0.0,48.25,-39.027911453320506,-2.4492935982947064e-16,1.0
2017-01-01,4.416436,3.962944,3.82913,1.17147,12.534435,12.745098,12.554113,719.2129127408539,868.4761904761905,12.0,12.0,0.0,44.95,-35.72026800670016,0.4999999999999999,0.8660254037844387
2017-02-01,4.196374,4.416436,3.962944,1.572522,10.483871,12.534435,12.750716,756.925015915457,1071.8181818181818,12.0,12.0,0.0,45.84,-44.61273666092943,0.8660254037844386,0.5000000000000001
2017-03-01,4.386677,4.196374,4.416436,1.882888,8.970976,10.483871,12.732475,820.0965134999981,1049.529411764706,12.0,12.0,0.0,46.57,-31.63356593308284,1.0,6.123233995736766e-17
2017-04-01,3.879093,4.386677,4.196374,2.679495,6.589147,8.970976,12.784091,871.2929420714268,907.1428571428572,12.0,12.0,0.0,49.52,-30.141129032258075,0.8660254037844387,-0.4999999999999998
2017-05-01,4.086974,3.879093,4.386677,2.719471,6.829897,6.589147,12.394366,900.7298468333316,759.45,12.0,12.0,0.0,44.73,-27.059925093632952,0.4999999999999999,-0.8660254037844387
2017-06-01,4.269708,4.086974,3.879093,2.54632,6.829897,6.829897,12.745098,921.7601498636344,1141.391304347826,12.0,12.0,0.0,53.31,-21.519193233571887,1.2246467991473532e-16,-1.0
2017-07-01,4.319807,4.269708,4.086974,2.68845,6.410256,6.829897,12.534435,938.3117371652218,1221.8333333333333,12.0,12.0,0.0,54.58,-20.52687411598303,-0.4999999999999998,-0.8660254037844388
2017-08-01,3.853101,4.319807,4.269708,2.89077,5.209657,6.410256,10.483871,977.3837068621916,973.1428571428572,12.0,12.0,0.0,54.87,-1.4617368873602763,-0.8660254037844384,-0.5000000000000004
2017-09-01,2.8,3.853101,4.319807,3.092784,5.076142,5.209657,8.970976,1022.029630383115,860.2272727272727,12.0,12.0,0.0,51.59,-2.204955900881977,-1.0,-1.8369701987210294e-16
2017-10-01,2.421042,2.8,3.853101,3.261317,4.911839,5.076142,6.589147,1073.3422205707052,906.047619047619,12.0,12.0,0.0,52.31,2.2506710716498013,-0.8660254037844386,0.5000000000000001
2017-11-01,1.715079,2.421042,2.8,3.82913,4.761905,4.911839,6.829897,1105.1793417828264,1141.7727272727273,12.0,12.0,0.0,50.33,1.0390783826518923,-0.5000000000000004,0.8660254037844384
2017-12-01,1.089109,1.715079,2.421042,3.962944,4.223602,4.761905,6.829897,1152.609182469101,1363.5238095238096,12.0,12.0,0.0,46.37,40.25256511444357,-2.4492935982947064e-16,1.0
2018-01-01,0.392542,1.089109,1.715079,4.416436,3.916769,4.223602,6.410256,1180.5139443738628,1484.2272727272727,12.0,12.0,0.0,48.48,77.78501628664496,0.4999999999999999,0.8660254037844387
2018-02-01,0.391007,0.392542,1.089109,4.196374,3.406326,3.916769,5.209657,1210.9431110405294,1453.8636363636365,12.0,12.0,0.0,51.7,70.50963331261653,0.8660254037844386,0.5000000000000001
2018-03-01,0.0,0.391007,0.392542,4.386677,2.905569,3.406326,5.076142,1212.013676948052,1618.6875,12.0,12.0,0.0,56.15,35.017011253598554,1.0,6.123233995736766e-17
2018-04-01,-0.193986,0.0,0.391007,3.879093,3.393939,2.905569,4.911839,1204.2692325036076,1242.0,12.0,12.0,0.0,57.51,25.80567580567581,0.8660254037844387,-0.4999999999999998
2018-05-01,-0.483559,-0.193986,0.0,4.086974,2.774427,3.393939,4.761905,1230.931930916306,1124.6,12.0,12.0,0.0,62.71,7.680787334189132,0.4999999999999999,-0.8660254037844387
2018-06-01,-0.677638,-0.483559,-0.193986,4.269708,2.895054,2.774427,4.223602,1271.8812454906206,1154.2380952380952,12.0,12.0,0.0,64.37,-3.896373056994829,1.2246467991473532e-16,-1.0
2018-07-01,-1.158301,-0.677638,-0.483559,4.319807,3.012048,2.895054,3.916769,1333.858337842713,1128.9,12.0,12.0,0.0,69.08,7.85317018909899,-0.4999999999999998,-0.8660254037844388
2018-08-01,-1.352657,-1.158301,-0.677638,3.853101,3.140097,3.012048,3.406326,1381.2447014790764,1293.095238095238,12.0,12.0,0.0,65.32,12.78359511343805,-0.8660254037844384,-0.5000000000000004
2018-09-01,-0.972763,-1.352657,-1.158301,2.8,3.502415,3.140097,2.905569,1388.2302173520925,1351.6190476190477,12.0,12.0,0.0,66.02,20.57118316512776,-1.0,-1.8369701987210294e-16
2018-10-01,-1.116245,-0.972763,-1.352657,2.421042,3.0012,3.502415,3.393939,1393.2692489726458,1649.7727272727273,12.0,12.0,0.0,72.11,16.134894991922444,-0.8660254037844386,0.5000000000000001
2018-11-01,-0.779727,-1.116245,-0.972763,1.715079,3.110048,3.0012,2.774427,1371.447279275676,1710.409090909091,12.0,12.0,0.0,76.98,40.196735971383866,-0.5000000000000004,0.8660254037844384
2018-12-01,-0.195886,-0.779727,-1.116245,1.089109,2.741359,3.110048,2.895054,1347.8170709423428,1447.35,12.0,12.0,0.0,74.41,20.74657662727444,-2.4492935982947064e-16,1.0
2019-01-01,0.007429,-0.195886,-0.779727,0.392542,2.944641,2.741359,3.012048,1332.9269194271913,1544.695652173913,12.0,12.0,0.0,74.25,26.566507878343717,0.4999999999999999,0.8660254037844387
2019-02-01,-0.183642,0.007429,-0.195886,0.391007,2.823529,2.944641,3.140097,1291.6060860938578,1192.0,12.0,12.0,0.0,72.53,19.04501549116091,0.8660254037844386,0.5000000000000001
2019-03-01,0.115759,-0.183642,0.007429,0.0,3.176471,2.823529,3.502415,1252.1219591097308,1335.125,12.0,12.0,0.0,78.89,27.97053692576079,1.0,6.123233995736766e-17
2019-04-01,0.414577,0.115759,-0.183642,-0.193986,3.048066,3.176471,3.0012,1222.4844591097308,1063.3181818181818,12.0,12.0,0.0,81.03,37.85127126744408,0.8660254037844387,-0.4999999999999998
2019-05-01,1.008746,0.414577,0.115759,-0.483559,3.521127,3.048066,3.110048,1201.0320781573498,628.75,12.0,12.0,0.0,64.75,52.95052652493544,0.4999999999999999,-0.8660254037844387
2019-06-01,1.304094,1.008746,0.414577,-0.677638,3.751465,3.521127,2.741359,1186.263824189096,680.4285714285714,12.0,12.0,0.0,57.36,60.47013155057148,1.2246467991473532e-16,-1.0
2019-07-01,1.601465,1.304094,1.008746,-1.158301,3.508772,3.751465,2.944641,1204.594357785934,773.25,12.0,12.0,0.0,59.41,53.155940594059416,-0.4999999999999998,-0.8660254037844388
2019-08-01,1.9,1.601465,1.304094,-1.352657,4.215457,3.508772,2.823529,1227.2150287816048,1035.6666666666667,12.0,12.0,0.0,63.96,40.29013539651838,-0.8660254037844384,-0.5000000000000004
2019-09-01,2.500589,1.9,1.601465,-0.972763,4.084014,4.215457,3.176471,1294.495385924462,1174.4,12.0,12.0,0.0,66.14,40.49866429207481,-1.0,-1.8369701987210294e-16
2019-10-01,2.549077,2.500589,1.9,-1.116245,3.846154,4.084014,3.048066,1317.926545344752,1869.7391304347825,12.0,12.0,0.0,71.23,40.89723526343245,-0.8660254037844386,0.5000000000000001
2019-11-01,2.600688,2.549077,2.500589,-0.779727,3.712297,3.846154,3.521127,1336.867021535228,1981.857142857143,12.0,12.0,0.0,71.32,3.2530696858555253,-0.5000000000000004,0.8660254037844384
2019-12-01,3.0,2.600688,2.549077,-0.195886,3.944316,3.712297,3.751465,1340.6654283979733,2254.714285714286,12.0,12.0,0.0,64.22,-10.89016622650304,-2.4492935982947064e-16,1.0
2020-01-01,3.286853,3.0,2.600688,0.007429,3.775744,3.944316,3.508772,1312.558913246458,1825.8695652173917,12.0,12.0,0.0,63.92,-13.9982628836132,0.4999999999999999,0.8660254037844387
2020-02-01,3.578529,3.286853,3.0,-0.183642,4.23341,3.775744,4.215457,1298.546413246458,1419.2857142857142,12.0,12.0,0.0,59.04,-2.0820575627679028,0.8660254037844386,0.5000000000000001
2020-03-01,3.366337,3.578529,3.286853,0.115759,4.104903,4.23341,4.084014,1291.934941384986,1380.7058823529412,12.0,12.0,0.0,62.83,0.1817631020902821,1.0,6.123233995736766e-17
2020-04-01,3.155819,3.366337,3.578529,0.414577,4.209329,4.104903,3.846154,1282.8224413849862,726.04,12.0,12.0,0.0,59.71,-1.220357786714732,0.8660254037844387,-0.4999999999999998
2020-05-01,3.137255,3.155819,3.366337,1.008746,4.195011,4.209329,3.712297,1237.2756577592552,460.6,12.0,12.0,0.0,63.21,-7.35255910626138,0.4999999999999999,-0.8660254037844387
2020-06-01,3.627451,3.137255,3.155819,1.304094,4.067797,4.195011,3.944316,1234.9468698804674,601.0909090909091,12.0,12.0,0.0,67.31,-13.694395914527613,1.2246467991473532e-16,-1.0
2020-07-01,3.917728,3.627451,3.137255,1.601465,4.180791,4.067797,3.775744,1215.2041162572789,663.9,12.0,12.0,0.0,63.65,-13.91245791245791,-0.4999999999999998,-0.8660254037844388
2020-08-01,4.3095,3.917728,3.627451,1.9,3.707865,4.180791,4.23341,1176.8875896466343,489.10526315789474,12.0,12.0,0.0,55.66,-18.59920033089756,-0.8660254037844384,-0.5000000000000004
2020-09-01,4.199219,4.3095,3.917728,2.500589,3.587444,3.707865,4.104903,1106.5591264431714,1146.4545454545453,12.0,12.0,0.0,32.01,-20.35745975408797,-1.0,-1.8369701987210294e-16
2020-10-01,4.301075,4.199219,4.3095,2.549077,5.162738,3.587444,4.209329,1090.3010566144494,1632.8260869565215,12.0,12.0,0.0,18.38,-26.31124274959892,-0.8660254037844386,0.5000000000000001
2020-11-01,4.292683,4.301075,4.199219,2.600688,5.480984,5.162738,4.195011,1070.6647470906398,1522.0588235294117,12.0,12.0,0.0,29.38,-2.3783783783783763,-0.5000000000000004,0.8660254037844384
2020-12-01,3.592233,4.292683,4.301075,3.0,5.915179,5.480984,4.067797,1059.244812450117,1410.7727272727273,12.0,12.0,0.0,40.27,17.346582984658298,-2.4492935982947064e-16,1.0
2021-01-01,3.375121,3.592233,4.292683,3.286853,5.292172,5.915179,4.180791,1136.8664791167837,1630.7727272727273,12.0,12.0,0.0,43.24,7.136845648880663,0.4999999999999999,0.8660254037844387
2021-02-01,3.646833,3.375121,3.592233,3.578529,5.049396,5.292172,3.707865,1223.449812450117,1183.65,12.0,12.0,0.0,44.74,-12.976860537836156,0.8660254037844386,0.5000000000000001
2021-03-01,7.324234,3.646833,3.375121,3.366337,5.695509,5.049396,3.587444,1341.4929613302224,1243.6666666666667,12.0,12.0,0.0,40.91,-51.60266102207439,1.0,6.123233995736766e-17
2021-04-01,11.907553,7.324234,3.646833,3.155819,6.331878,5.695509,5.162738,1492.422127996889,1657.5,12.0,12.0,0.0,40.19,-74.1962656184192,0.8660254037844387,-0.4999999999999998
2021-05-01,12.555894,11.907553,7.324234,3.137255,6.746464,6.331878,5.480984,1698.7686192249594,1499.6,12.0,12.0,0.0,42.69,-58.80538418395962,0.4999999999999999,-0.8660254037844387
2021-06-01,6.822327,12.555894,11.907553,3.627451,6.623236,6.746464,5.915179,1847.5640737704136,2017.608695652174,12.0,12.0,0.0,49.99,-37.29367798193709,1.2246467991473532e-16,-1.0
2021-07-01,6.532611,6.822327,12.555894,3.917728,6.724512,6.623236,5.292172,1977.1581119785824,2475.05,12.0,12.0,0.0,54.77,-32.35294117647059,-0.4999999999999998,-0.8660254037844388
2021-08-01,6.320939,6.532611,6.822327,4.3095,6.825569,6.724512,5.049396,2160.319876684465,2965.2631578947367,12.0,12.0,0.0,62.28,-24.22086720867208,-0.8660254037844384,-0.5000000000000004
2021-09-01,6.349203,6.320939,6.532611,4.199219,6.709957,6.825569,5.695509,2400.069876684465,2932.0,12.0,12.0,0.0,65.41,-34.8877924558332,-1.0,-1.8369701987210294e-16
2021-10-01,6.815183,6.349203,6.320939,4.301075,6.189968,6.709957,6.331878,2665.834847824436,3187.954545454545,12.0,12.0,0.0,64.81,-32.69134148383856,-0.8660254037844386,0.5000000000000001
2021-11-01,6.735267,6.815183,6.349203,4.292683,5.620361,6.189968,6.746464,2798.9018932789813,3720.0,12.0,12.0,0.0,68.53,-32.46321784527765,-0.5000000000000004,0.8660254037844384
2021-12-01,7.24283,6.735267,6.815183,3.592233,5.374078,5.620361,6.623236,2931.272263649352,4287.772727272727,12.0,12.0,0.0,73.16,-25.73168919922746,-2.4492935982947064e-16,1.0
2022-01-01,7.06931,7.24283,6.735267,3.375121,5.65445,5.374078,6.724512,2939.880596982685,4819.952380952381,12.0,12.0,0.0,75.17,-13.95129615082482,0.4999999999999999,0.8660254037844387
2022-02-01,6.765926,7.06931,7.24283,3.646833,6.478579,5.65445,6.825569,2967.822263649352,2780.454545454545,12.0,12.0,0.0,70.75,11.893639956881064,0.8660254037844386,0.5000000000000001
2022-03-01,3.527643,6.765926,7.06931,7.324234,6.217617,6.478579,6.709957,3005.028785388482,2832.1111111111118,12.0,12.0,0.0,74.49,104.3423930021868,1.0,6.123233995736766e-17
2022-04-01,1.280762,3.527643,6.765926,11.907553,5.954825,6.217617,6.189968,2983.8053204762014,1760.8,12.0,12.0,0.0,83.54,252.6115342763874,0.8660254037844387,-0.4999999999999998
2022-05-01,2.701066,1.280762,3.527643,12.555894,7.543323,5.954825,5.620361,2981.954025572275,1834.9,12.0,12.0,0.0,81.05,133.25391422736556,0.4999999999999999,-0.8660254037844387
2022-06-01,9.611358,2.701066,1.280762,6.822327,8.85947,7.543323,5.374078,2936.741525572275,2464.086956521739,1.65,12.0,0.0,74.17,81.6737025080705,1.2246467991473532e-16,-1.0
2022-07-01,11.848774,9.611358,2.701066,6.532611,9.857724,8.85947,5.65445,2844.158011863761,2220.368421052632,2.15,12.0,0.0,86.51,73.84366327474561,-0.4999999999999998,-0.8660254037844388
2022-08-01,13.246102,11.848774,9.611358,6.320939,11.561866,9.857724,6.478579,2651.82089065164,2943.0476190476197,2.15,1.65,-10.35,97.13,58.13589628967366,-0.8660254037844384,-0.5000000000000004
2022-09-01,14.817501,13.246102,11.848774,6.349203,11.967546,11.561866,6.217617,2418.4350681408177,2389.45,2.65,2.15,-9.85,117.25,82.08262038621363,-1.0,-1.8369701987210294e-16
2022-10-01,15.79303,14.817501,13.246102,6.815183,11.959799,11.967546,5.954825,2167.927131632881,2076.9523809523807,2.65,2.15,-9.85,104.58,107.86265240109483,-0.8660254037844386,0.5000000000000001
2022-11-01,15.662927,15.79303,14.817501,6.735267,12.449799,11.959799,7.543323,2044.468798299548,1411.9545454545455,2.65,2.65,-9.35,113.34,89.85710939330053,-0.5000000000000004,0.8660254037844384
2022-12-01,16.909133,15.662927,15.79303,7.24283,12.5,12.449799,8.85947,1929.577186099112,1487.142857142857,2.65,2.65,-9.35,122.71,48.36967393478695,-2.4492935982947064e-16,1.0
2023-01-01,17.202729,16.909133,15.662927,7.06931,13.5778,12.5,9.857724,1858.5779797499056,1813.857142857143,2.65,2.65,-9.35,111.93,57.9514332663867,0.4999999999999999,0.8660254037844387
2023-02-01,17.300828,17.202729,16.909133,6.765926,13.542689,13.5778,11.561866,1760.5321464165722,1298.9545454545455,2.65,2.65,-9.35,100.45,55.95696852922285,0.8660254037844386,0.5000000000000001
2023-03-01,17.759534,17.300828,17.202729,3.527643,14.04878,13.542689,11.967546,1672.6951898948332,1453.4117647058824,2.65,2.65,-9.35,89.76,79.25393670692556,1.0,6.123233995736766e-17
2023-04-01,16.604768,17.759534,17.300828,1.280762,13.953488,14.04878,11.959799,1611.0255992515583,908.809523809524,2.65,2.65,-9.35,93.33,61.363987039037184,0.8660254037844387,-0.4999999999999998
2023-05-01,14.282472,16.604768,17.759534,2.701066,11.848341,13.953488,12.449799,1483.7757976642567,658.35,2.65,2.65,-9.35,91.42,65.38742156719685,0.4999999999999999,-0.8660254037844387
2023-06-01,12.864132,14.282472,16.604768,9.611358,10.944808,11.848341,12.5,1374.8026916036506,1410.0434782608695,2.65,2.65,-9.35,80.92,67.72826681246582,1.2246467991473532e-16,-1.0
2023-07-01,10.693706,12.864132,14.282472,11.848774,9.898242,10.944808,13.5778,1288.4058662068253,1480.3333333333333,2.65,2.65,-9.35,82.5,48.90248769455901,-0.4999999999999998,-0.8660254037844388
2023-08-01,9.007522,10.693706,12.864132,13.246102,8.0,9.898242,13.542689,1266.5649571159165,1416.05,2.65,2.65,1.0,82.59,41.97879858657245,-0.8660254037844384,-0.5000000000000004
2023-09-01,7.666359,9.007522,10.693706,14.817501,8.242754,8.0,14.04878,1258.7554333063924,1081.7727272727273,2.65,2.65,0.5,78.43,20.49939589206606,-1.0,-1.8369701987210294e-16
2023-10-01,6.54316,7.666359,9.007522,15.79303,8.976661,8.242754,13.953488,1263.240822916782,1040.190476190476,2.65,2.65,0.5,84.64,11.718937036150344,-0.8660254037844386,0.5000000000000001
2023-11-01,7.261119,6.54316,7.666359,15.662927,9.196429,8.976661,11.848341,1307.615822916782,1149.8636363636365,2.65,2.65,0.0,75.47,12.794571252313403,-0.5000000000000004,0.8660254037844384
2023-12-01,6.077058,7.261119,6.54316,16.909133,8.622222,9.196429,10.944808,1397.9669258579584,1393.428571428571,2.65,2.65,0.0,74.84,9.100714574625869,-2.4492935982947064e-16,1.0
